,자치구별,정신의료기관수,정신의료기관 병상 수
1,종로구,27,83
2,중구,21,20
3,용산구,9,21
4,성동구,17,33
5,광진구,25,342
6,동대문구,20,774
7,중랑구,18,341
8,성북구,14,34
9,강북구,10,0
10,도봉구,9,375
11,노원구,21,51
12,은평구,14,193
13,서대문구,11,98
14,마포구,38,0
15,양천구,17,20
16,강서구,30,163
17,구로구,14,197
18,금천구,10,216
19,영등포구,29,229
20,동작구,22,60
21,관악구,25,0
22,서초구,62,35
23,강남구,114,57
24,송파구,46,245
25,강동구,29,86
