,자치구별,인구소계,봉사활동 등록률,이혼율,1인가구수(남자),1인가구수(여자),1인가구수(남녀총합),초등학교 학업중단율,중학교 학업중단율,고등학교 학업중단율,소계(10만명당자살률),남자(10만명당자살률),여자(10만명당자살률),등록외국인 소계,외국인 남자 총합,외국인 여자 총합,청소년비행 신고,총 범죄 발생 건수,강력범죄,가구-계 (가구),정신의료기관수,정신의료기관 병상 수,우울감경험율,2023 실업률,정신의료기관비율,병상 수 비율,인구 비율,청소년비행_비율,1인가구_비율,1인가구_비율(여성),1인가구_비율(남성),외국인비율,총범죄율,강력범죄율
0,종로구,139417,45.09,1.43,14040,15294,29334,2.09,1.37,2.19,24.5,29.9,19.5,11182,4597,6585,135,9223,251,70217,27,83,7.2,3.4,19.36636134761184,59.533629327843805,1.4853664497699453,96.8318067380592,41.77620804078784,21.78105017303502,19.995157867752823,8.020542688481319,6615.405581815705,180.03543326853972
1,중구,121312,33.53,1.62,13574,14719,28293,2.64,1.73,2.7,29.4,43.3,16.3,10420,4873,5547,179,9793,238,64325,21,20,6.9,3.0999999999999996,17.310735953574255,16.486415193880244,1.292473477083079,147.55341598522818,43.984453944811506,22.882238631947143,21.102215312864363,8.589422316011607,8072.573199683461,196.18834080717488
2,용산구,213151,26.23,1.46,19436,23046,42482,4.18,1.96,1.85,21.7,28.4,15.4,14540,7842,6698,99,9042,266,103826,9,21,7.0,3.5,4.222358797284554,9.852170526997293,2.2709378636386788,46.44594677013009,40.916533430932525,22.19675225858648,18.71978117234604,6.821455212501935,4242.063138338549,124.79416000863237
3,성동구,277361,27.77,1.23,23464,24647,48111,1.91,0.85,1.67,23.1,32.7,14.0,7177,2966,4211,345,7367,128,127950,17,33,7.0,3.1,6.12919624604757,11.897851536445282,2.9550393701961872,124.38662969920068,37.60140679953107,19.262993356779994,18.338413442751076,2.5876024386990237,2656.105220272497,46.1492423231817
4,광진구,335554,27.17,1.34,34355,37604,71959,1.43,1.08,1.54,27.2,39.8,15.6,15355,6167,9188,837,9688,251,168848,25,342,10.2,3.6999999999999997,7.450365663946787,101.92100228279203,3.57503499348074,249.43824242893842,42.61762058182507,22.270918222306456,20.34670235951862,4.576014590796116,2887.165702092659,74.80167126602574
5,동대문구,341149,26.51,1.22,34960,35999,70959,1.07,0.62,2.02,25.0,37.5,12.8,17875,6468,11407,342,9885,169,171039,20,774,4.8,3.9000000000000004,5.862541001146127,226.8803367443551,3.6346448350815694,100.24945111959877,41.487029274025225,21.04724653441613,20.439782739609093,5.239646019774351,2897.560889816473,49.53847145968477
6,중랑구,382155,28.52,1.57,32454,34452,66906,0.59,0.26,1.57,27.3,36.9,18.0,5143,2030,3113,705,9536,179,174863,18,341,7.7,3.3,4.710130706127095,89.23080948829664,4.071527974435209,184.48011932331124,38.261953643709646,19.702281214436447,18.559672429273203,1.3457890123117584,2495.3225785348877,46.83963313315278
7,성북구,425602,25.13,1.23,30867,38281,69148,1.12,0.94,1.77,22.3,28.4,16.7,12418,4497,7921,1126,8130,148,191164,14,34,8.6,3.3499999999999996,3.2894582262301397,7.988684263701768,4.534417838247762,264.56642590965265,36.17208260969639,20.02521395241782,16.146868657278567,2.917749446666134,1910.235384232217,34.77427267729005
8,강북구,288113,21.9,1.73,24116,28543,52659,0.58,0.67,1.84,24.9,32.9,17.5,4649,1613,3036,760,8048,151,134438,10,0,8.4,3.8,3.470860391582469,0.0,3.069592545690757,263.78538976026766,39.16972879691754,21.231348279504306,17.938380517413233,1.61360299604669,2793.3484431455713,52.409991912895286
9,도봉구,306948,26.68,1.54,18400,23125,41525,0.4,0.63,1.85,27.7,38.9,17.1,2393,823,1570,866,5533,108,130370,9,375,11.3,3.8499999999999996,2.932092732319481,122.17053051331169,3.270263031222772,282.1324784654078,31.85165298765053,17.73797652834241,14.113676459308122,0.7796108787156131,1802.5854542137429,35.18511278783377
10,노원구,498213,32.2,1.35,27648,37627,65275,0.6,0.65,2.21,24.1,30.5,18.1,4434,1875,2559,1417,10144,178,207589,21,51,11.0,3.45,4.2150646410270305,10.236585556779932,5.308024667287589,284.41650458739537,31.44434435350621,18.12571957088285,13.318624782623356,0.8899807913482787,2036.076938979914,35.72769076680054
11,은평구,466770,26.64,1.48,29345,39505,68850,0.69,0.67,2.09,23.1,32.6,14.4,4057,1608,2449,1634,9905,170,200425,14,193,7.0,4.15,2.9993358613449876,41.34798723139876,4.973026946205394,350.0653426741222,34.35200199575901,19.710614943245602,14.641387052513407,0.8691646849626155,2122.0301219015787,36.42050688776057
12,서대문구,306231,30.97,1.22,24297,31873,56170,1.54,1.08,1.47,22.1,29.8,15.1,13938,4332,9606,456,6816,165,145742,11,98,10.9,3.85,3.592059589003073,32.001985429300106,3.2626240220310305,148.90719750776375,38.540708923988966,21.86946796393627,16.671240960052696,4.551466050138621,2225.7707416949947,53.880893835046095
13,마포구,363697,27.68,1.18,31196,40916,72112,1.83,1.04,2.62,21.6,23.7,19.8,11382,4047,7335,1158,12342,471,173258,38,0,8.8,4.15,10.448257753019684,0.0,3.87487409485199,318.3969073157051,41.62116612219926,23.615648339470617,18.005517782728646,3.12952815118079,3393.4841365202356,129.50340530716505
14,양천구,436028,32.76,1.29,21436,25670,47106,1.3,1.06,1.71,22.3,29.6,15.2,3190,1316,1874,1023,8529,123,171469,17,20,6.2,3.0,3.8988321850890313,4.586861394222389,4.645497768279978,234.61796031447523,27.472021181671323,14.97063609165505,12.50138509001627,0.7316043923784712,1956.067041566138,28.209197574467694
15,강서구,563058,34.73,1.47,47105,57404,104509,0.86,0.8,2.43,21.1,25.9,16.7,5639,2470,3169,1225,12954,315,258700,30,163,9.1,2.9000000000000004,5.328047909806805,28.949060309950305,5.998891544607659,217.5619563171112,40.397758020873596,22.18940858136838,18.20834943950522,1.0014954054466858,2300.6510874545784,55.94450305297145
16,구로구,392405,23.48,1.47,29957,31361,61318,0.65,0.62,1.57,21.9,30.7,13.5,22886,12207,10679,729,10410,221,190000,14,197,7.6,3.4000000000000004,3.5677425109262115,50.2032339037474,4.180732778082841,185.77744931894344,32.27263157894737,16.50578947368421,15.766842105263157,5.832239650361234,2652.8713956244187,56.319363922478054
17,금천구,227481,25.07,1.64,27499,24534,52033,0.6,0.39,1.64,27.3,42.9,11.5,13465,7094,6371,459,7447,140,123220,10,216,7.6,3.7,4.395971531688361,94.9529850844686,2.4236115062016608,201.77509330449578,42.227722772277225,19.910728777795814,22.316993994481415,5.9191756674183775,3273.679999648322,61.54360144363705
18,영등포구,374794,27.25,1.18,38146,39749,77895,1.48,1.05,1.83,18.3,27.4,9.5,22704,11682,11022,713,13905,338,190452,29,229,5.6,2.85,7.737583846059436,61.10023106026244,3.993102944225431,190.2378373186337,40.900069308802216,20.87087560120135,20.029193707600864,6.057727711756325,3710.0380475674633,90.18287379200308
19,동작구,378769,23.31,1.06,35650,38793,74443,1.36,0.91,1.74,19.6,26.9,12.8,10586,4342,6244,694,8868,211,181307,22,60,7.4,4.55,5.80828948514794,15.840789504948924,4.035453099786342,183.22513194057592,41.05908762485729,21.396305713513545,19.662781911343743,2.794843294989822,2341.2686888314515,55.706776425737054
20,관악구,481956,23.83,1.36,79518,71227,150745,0.71,0.62,1.96,29.3,39.3,19.2,15410,6190,9220,606,15379,361,275312,25,0,8.9,4.949999999999999,5.187195511623468,0.0,5.134820521638852,125.73761920175285,54.75424245946417,25.871375021793458,28.88286743767072,3.1973873133647053,3190.9551909302927,74.90310318784287
21,서초구,407664,29.72,1.06,21432,27324,48756,3.62,2.5,2.32,16.7,25.1,9.0,4362,2087,2275,626,16941,432,159582,62,35,7.7,2.6,15.208603163389457,8.585501785784372,4.343304104800814,153.55783194002905,30.552317930593674,17.12223183065759,13.430086099936084,1.0699988225597552,4155.628164370658,105.96962204168139
22,강남구,544873,36.12,1.05,33217,43592,76809,3.05,2.59,2.36,24.2,27.2,21.3,5334,2452,2882,1194,29114,730,222421,114,57,7.9,3.4,20.922306665957024,10.461153332978512,5.805146241745981,219.13363297502352,34.53316008830101,19.5988688118478,14.934291276453212,0.9789437171597785,5343.263476076077,133.97617426446163
23,송파구,654166,24.5,1.16,38849,48291,87140,2.07,1.6,2.13,19.0,24.6,13.9,5771,2568,3203,1072,17190,333,269591,46,245,10.3,3.5,7.031854299978904,37.45226746727895,6.969567764190924,163.8727784690736,32.32303749012393,17.912689963685732,14.410347526438198,0.8821919818517012,2627.7733786225517,50.904510475934245
24,강동구,459167,24.77,1.37,29123,33820,62943,1.26,0.8,1.66,25.2,35.4,15.4,4068,1812,2256,1072,9785,155,192312,29,86,9.5,2.7,6.315784888722404,18.729568980349196,4.892023617216814,233.46625519691094,32.729626856358415,17.586006073463956,15.143620782894462,0.8859521699076808,2131.0329357292662,33.75678130179216
